dim_1,dim_2,S_Depresión
18.876038,45.197556,0
0.54000413,-45.602966,0
-63.482857,63.123615,0
-35.36173,79.215454,0
-44.08211,37.68427,0
39.351368,-30.362453,0
25.666916,74.211624,1
-0.50703216,78.35075,1
-92.198326,72.98076,0
-1.7110794,31.279934,0
-65.87891,-51.55859,0
21.609196,-28.94632,1
37.562748,7.291293,0
71.376175,17.238272,1
83.481834,-25.317778,1
-30.199757,-3.1308608,1
-36.93081,56.733192,0
15.043277,-6.777579,0
-17.188753,55.83246,0
43.185806,30.882704,0
11.88918,14.918052,0
-15.906855,17.165956,1
-21.653862,-62.796444,0
21.590157,-66.00833,0
-74.37305,-2.8753521,0
-43.640182,6.395414,1
51.92787,99.57776,1
60.934193,51.413292,1
-3.0213952,0.26214173,0
-9.052804,117.77534,0
-57.00651,-79.974686,0
-20.632877,-27.036299,0
68.877815,-51.209064,1
-4.4404035,-21.814205,1
-46.508404,-22.196005,1
-76.486244,37.151134,1
